Wavelength	Function
360,118040115306	0
362,14165277004	0
364,165253845591	0
366,188866500325	0
368,212479155059	0
370,236080230611	0
372,259692885345	0
374,283305540079	0
376,306906615631	0
378,330519270365	0
380,354131925099	0
382,377733000651	0
384,401345655385	0
386,424958310119	0
388,44855938567	0
390,472172040404	0
392,495784695138	0
394,51938577069	0
396,542998425424	0
398,566611080158	0
400,59021215571	0
402,613824810444	0
404,637437465178	0
406,66103854073	0
408,684651195464	0
410,708263850198	0
412,731864925749	0
414,755489159666	0
416,779090235218	0
418,802691310769	0
420,826315544686	0
422,849916620237	0
424,873517695789	0
426,897141929705	0
428,920743005257	0
430,944344080809	0
432,967968314725	0
434,991569390277	0
437,015170465829	0
439,038794699745	0
441,062395775297	0
443,085996850848	0
445,109621084765	0
447,133222160316	0
449,156823235868	0
451,180447469785	0
453,204048545336	0
455,227649620888	0
457,251273854804	0
459,274874930356	0
461,298476005908	0
463,322100239824	0
465,345701315376	0
467,369302390928	0
469,392926624844	0
471,416527700396	0
473,440128775947	0
475,463753009864	0
477,487354085415	0
479,510955160967	0
481,534579394884	0
483,558180470435	0
485,581781545987	0
487,605405779903	0
489,629006855455	0
491,652607931007	0
493,676232164923	0
495,699833240475	0
497,723434316026	0
499,747058549943	0
501,770659625495	0
503,794260701046	0
505,817884934963	0
507,841486010514	0
509,865087086066	0
511,888711319982	0
513,912312395534	0
515,935913471086	0
517,959537705002	0
519,983138780554	0
522,006739856106	0
524,030364090022	0
526,053965165574	0
528,077566241125	0
530,101192284289	0
532,124793359841	0
534,148394435392	0
536,172018669309	0
538,19561974486	0
540,219220820412	0
542,242845054329	0
544,26644612988	0
546,290047205432	0
548,313671439348	0
550,3372725149	0
552,360873590452	0
554,384497824368	0
556,40809889992	0
558,431699975472	0
560,455324209388	0
562,47892528494	0
564,502526360491	0
566,526150594408	0
568,549751669959	0
570,573352745511	0
572,596976979427	0
574,620578054979	0
576,644179130531	0
578,667803364447	0
580,691404439999	0
582,715005515551	0
584,738629749467	0
586,256336345722	0
587,774042941977	0
589,291749538232	0,00207465714765152
590,809456134487	0,00207465714765152
592,327162730742	0,00414931429530304
593,844869326997	0,00622406641467109
595,362575923252	0,00829872356232261
596,374364881845	0,0103733807099741
597,386176998803	0,0124481328293422
598,397989115761	0,0145227899769937
598,903883595058	0,0165974471246452
599,409778074355	0,0165974471246452
600,421590191313	0,0186721992440133
601,433402308271	0,0207468563916648
601,939296787568	0,0228215135393163
602,445191266865	0,0248962656586844
602,951108904526	0,0248962656586844
603,457003383823	0,0269709228063359
603,96289786312	0,0290455799539874
604,468815500781	0,0311203320733554
604,974709980078	0,0311203320733554
605,480604459375	0,033194989221007
605,986522097036	0,0352696463686585
606,492416576333	0,0373443984880265
606,99831105563	0,0394190556356781
607,504228693291	0,0414937127833296
608,010123172588	0,0435684649026976
608,516017651885	0,0456431220503491
609,021935289546	0,0477177791980007
609,527829768843	0,0518671884650202
610,03372424814	0,0560165977320398
610,539641885801	0,0580912548796913
611,045536365098	0,0622406641467109
611,551430844394	0,0663899784420139
612,057348482056	0,0705393877090335
612,563242961353	0,0746887969760531
613,06913744065	0,0788381112713561
613,575055078311	0,0850621776860272
614,080949557608	0,0912862441006983
614,586844036904	0,0975103105153694
615,092761674566	0,101659719782389
615,598656153863	0,10788378619706
616,104550633159	0,114107852611731
616,610468270821	0,120331919026402
617,116362750118	0,126555985441073
617,622257229414	0,134854709003396
618,128174867076	0,143153527537435
618,634069346373	0,153526908247409
619,139963825669	0,1639003839291
619,645881463331	0,172199107491422
620,151775942627	0,182572583173113
620,657670421924	0,192946058854804
621,163588059586	0,205394191684146
621,669482538882	0,21576757239412
622,175377018179	0,228215705223462
622,681294655841	0,240663838052804
623,187189135137	0,255186723001515
623,693083614434	0,273858922245528
624,199001252096	0,292531121489541
624,704895731392	0,313277977881206
625,210790210689	0,336099586392239
625,716707848351	0,363070509198575
626,1124146635259	 0,39393935430617555
627,1662402234224	 0,4415584019252234
628,2201365383585	 0,5064935593377977
629,2739620982549	 0,5800865536644346
630,3278584131908	 0,7056277320498513
631,3816839730873	 0,7748918079194569
632,4355802880233	 0,8528138660249256
633,4894766029593	 0,9177488781156994
634,5433021628558	 0,9523809523809524
635,5971984777918	 0,978354971749442
636,6510240376881	 1,0043289911179316
637,7049203526242	 0,987012953985305
638,7587459125207	 0,9437229701450892
639,8126422274566	 0,8874458676292784
640,387856173238	0,790456434663228
640,8937738109	0,713692933053665
641,399668290197	0,659751039955135
641,905562769493	0,616182575052438
642,411480407155	0,57053940551623
642,917374886452	0,522821578832372
643,423269365748	0,464730276466822
643,92918700341	0,425311173345286
644,435081482707	0,385892117709608
644,940975962003	0,344398309954561
645,446893599665	0,317427387148226
645,952788078962	0,292531121489541
646,458682558258	0,273858922245528
646,96460019592	0,253111970882147
647,470494675217	0,234439771638133
647,976389154513	0,213692915246469
648,482306792175	0,192946058854804
648,988201271471	0,178423173906094
649,494095750768	0,168049793196119
650,00001338843	0,155601660366777
650,505907867726	0,141078775418067
651,011802347023	0,130705394708093
651,517719984685	0,122406576174054
652,023614463981	0,11203319546408
652,529508943278	0,0995850626347374
653,03542658094	0,0892115869530468
653,541321060236	0,0788381112713561
654,047215539533	0,072614044856685
654,553133177195	0,0663899784420139
655,059027656491	0,0601659120273428
655,564922135788	0,0560165977320398
656,07083977345	0,0497925313173687
656,576734252746	0,0435684649026976
657,082628732043	0,0373443984880265
658,094440849001	0,0311203320733554
659,106252965959	0,0269709228063359
660,623959562214	0,0207468563916648
662,141666158469	0,0165974471246452
663,659372754724	0,0145227899769937
664,165267234021	0,0124481328293422
664,671161713318	0,0124481328293422
665,177079350979	0,0103733807099741
665,682973830276	0,0103733807099741
666,188868309573	0,0103733807099741
666,694785947234	0,00829872356232261
667,706574905827	0,00829872356232261
668,212492543489	0,00622406641467109
668,718387022786	0,00622406641467109
669,730199139744	0,00622406641467109
670,741988098337	0,00414931429530304
672,259694694592	0,00414931429530304
673,271506811551	0,00414931429530304
674,789213407805	0,00207465714765152
676,30692000406	0,00207465714765152
677,318732121019	0
678,836438717274	0
680,354145313529	0
681,871851909784	0
683,389558506038	0
684,907265102293	0
686,424971698548	0
687,942678294803	0
689,460384891058	0
690,978091487313	0
692,495798083568	0
694,013504679823	0
695,531211276078	0
697,048917872333	0
698,566624468588	0
700,084331064843	0
701,602037661098	0
703,119744257353	0
704,637450853608	0
706,155157449863	0
707,672864046118	0
709,190570642372	0
710,708277238628	0
712,225983834882	0
713,743690431137	0
715,261397027392	0
716,779103623647	0
718,296810219902	0
719,814516816157	0
721,332223412412	0
722,849930008667	0
724,367636604922	0
725,885343201177	0
727,403049797432	0
728,920756393687	0
730,438461180695	0
731,956167776949	0
733,473874373204	0
734,991580969459	0
736,509287565714	0
738,026994161969	0
739,544700758224	0
741,062407354479	0
742,580113950734	0
744,097820546989	0
745,615527143244	0
747,133233739499	0
748,650940335754	0
750,168646932009	0
751,686353528264	0
753,204060124519	0
754,721766720774	0
756,239473317029	0
757,757179913284	0
759,274886509538	0
760,792593105794	0
762,310299702048	0
763,828006298303	0
765,345712894558	0
766,863419490813	0
768,381126087068	0
769,898832683323	0
771,416539279578	0
772,934245875833	0
774,451952472088	0
775,969659068343	0
777,487365664598	0
779,005072260853	0
780,522778857108	0
